"ID","CREATED_AT","UPDATED_AT","DELETED_AT","EMAIL","ADDRESS","NAME"
"1","2013/07/29 13:52:30.0","2013/07/29 14:01:06.0",,"a@b.c","kahsjgdhja","David"
"2","2013/07/29 13:52:30.0","2013/07/29 13:52:30.0",,"a@b.c","kahsjgdhja","taisang"
"3","2013/07/29 13:52:30.0","2013/07/29 13:52:30.0",,"a@b.c","kahsjgdhja","taisang"
"4","2013/07/29 13:52:30.0","2013/07/29 13:52:30.0",,"a@b.c","kahsjgdhja","taisang"
"5","2013/07/29 13:52:30.0","2013/07/29 13:52:30.0",,"a@b.c","kahsjgdhja","taisang"
"6","2013/07/29 13:52:30.0","2013/07/29 13:52:30.0",,"a@b.c","kahsjgdhja","taisang"
"7","2013/07/29 13:52:30.0","2013/07/29 13:52:30.0",,"a@b.c","kahsjgdhja","taisang"
"8","2013/07/29 13:52:30.0","2013/07/29 13:52:30.0",,"a@b.c","kahsjgdhja","taisang"
"9","2013/07/29 13:52:30.0","2013/07/29 13:52:30.0",,"a@b.c","kahsjgdhja","taisang"
"10","2013/07/29 13:52:30.0","2013/07/29 13:52:30.0",,"a@b.c","kahsjgdhja","taisang"
"11","2013/07/29 13:52:30.0","2013/07/29 13:52:30.0",,"a@b.c","kahsjgdhja","taisang"
"12","2013/07/29 13:52:30.0","2013/07/29 13:52:30.0",,"a@b.c","kahsjgdhja","taisang"
"13","2013/07/29 13:52:30.0","2013/07/29 13:52:30.0",,"a@b.c","kahsjgdhja","taisang"
"14","2013/07/29 13:52:30.0","2013/07/29 13:52:30.0",,"a@b.c","kahsjgdhja","taisang"
"15","2013/07/29 13:52:30.0","2013/07/29 13:52:30.0",,"a@b.c","kahsjgdhja","taisang"
"16","2013/07/29 13:52:30.0","2013/07/29 13:52:30.0",,"a@b.c","kahsjgdhja","taisang"
"17","2013/07/29 13:52:30.0","2013/07/29 13:52:30.0",,"a@b.c","kahsjgdhja","taisang"
"18","2013/07/29 13:52:30.0","2013/07/29 13:52:30.0",,"a@b.c","kahsjgdhja","taisang"
"19","2013/07/29 13:52:30.0","2013/07/29 13:52:30.0",,"a@b.c","kahsjgdhja","taisang"
"20","2013/07/29 13:52:30.0","2013/07/29 13:52:30.0",,"a@b.c","kahsjgdhja","taisang"
"21","2013/07/29 13:52:30.0","2013/07/29 13:52:30.0",,"a@b.c","kahsjgdhja","taisang"
"22","2013/07/29 13:52:30.0","2013/07/29 13:52:30.0",,"a@b.c","kahsjgdhja","taisang"
"23","2013/07/29 13:52:30.0","2013/07/29 13:52:30.0",,"a@b.c","kahsjgdhja","taisang"
"24","2013/07/29 13:52:30.0","2013/07/29 13:52:30.0",,"a@b.c","kahsjgdhja","taisang"
"25","2013/07/29 13:52:30.0","2013/07/29 13:52:30.0",,"a@b.c","kahsjgdhja","taisang"
"26","2013/07/29 13:52:30.0","2013/07/29 13:52:30.0",,"a@b.c","kahsjgdhja","taisang"
"27","2013/07/29 13:52:30.0","2013/07/29 13:52:30.0",,"a@b.c","kahsjgdhja","taisang"
"28","2013/07/29 13:52:30.0","2013/07/29 13:52:30.0",,"a@b.c","kahsjgdhja","taisang"
"29","2013/07/29 13:52:30.0","2013/07/29 13:52:30.0",,"a@b.c","kahsjgdhja","taisang"
"30","2013/07/29 13:52:30.0","2013/07/29 13:52:30.0",,"a@b.c","kahsjgdhja","taisang"
"31","2013/07/29 13:52:30.0","2013/07/29 13:52:30.0",,"a@b.c","kahsjgdhja","taisang"
"32","2013/07/29 13:52:30.0","2013/07/29 13:52:30.0",,"a@b.c","kahsjgdhja","taisang"
"33","2013/07/29 13:52:30.0","2013/07/29 13:52:30.0",,"a@b.c","kahsjgdhja","taisang"
"34","2013/07/29 13:52:30.0","2013/07/29 13:52:30.0",,"a@b.c","kahsjgdhja","taisang"
"35","2013/07/29 13:52:30.0","2013/07/29 13:52:30.0",,"a@b.c","kahsjgdhja","taisang"
"36","2013/07/29 13:52:30.0","2013/07/29 13:52:30.0",,"a@b.c","kahsjgdhja","taisang"
"37","2013/07/29 13:52:30.0","2013/07/29 13:52:30.0",,"a@b.c","kahsjgdhja","taisang"
"38","2013/07/29 13:52:30.0","2013/07/29 13:52:30.0",,"a@b.c","kahsjgdhja","taisang"
"39","2013/07/29 13:52:30.0","2013/07/29 13:52:30.0",,"a@b.c","kahsjgdhja","taisang"
"40","2013/07/29 13:52:30.0","2013/07/29 13:52:30.0",,"a@b.c","kahsjgdhja","taisang"
"41","2013/07/29 13:52:30.0","2013/07/29 13:52:30.0",,"a@b.c","kahsjgdhja","taisang"
"42","2013/07/29 13:52:30.0","2013/07/29 13:52:30.0",,"a@b.c","kahsjgdhja","taisang"
"43","2013/07/29 13:52:30.0","2013/07/29 13:52:30.0",,"a@b.c","kahsjgdhja","taisang"
"44","2013/07/29 13:52:30.0","2013/07/29 13:52:30.0",,"a@b.c","kahsjgdhja","taisang"
"45","2013/07/29 13:52:30.0","2013/07/29 13:52:30.0",,"a@b.c","kahsjgdhja","taisang"
"46","2013/07/29 13:52:30.0","2013/07/29 13:52:30.0",,"a@b.c","kahsjgdhja","taisang"
"47","2013/07/29 13:52:30.0","2013/07/29 13:52:30.0",,"a@b.c","kahsjgdhja","taisang"
"48","2013/07/29 13:52:30.0","2013/07/29 13:52:30.0",,"a@b.c","kahsjgdhja","taisang"
"49","2013/07/29 13:52:30.0","2013/07/29 13:52:30.0",,"a@b.c","kahsjgdhja","taisang"
